ID,Name,Formula,Category,Molecular Weight (g/mol),Equation Type,T_min (K),T_max (K),Cp at 298.15K,Native Unit,Data Source,Engineering Notes
met_01,Aluminum,Al,Metals and alloys,26.982,shomate,298.15,933.47,24.35,J/(mol*K),"NIST Chemistry WebBook / JANAF Tables (Chase, 1998)","Lightweight FCC metal, Tm = 933.47 K (660.32 C)."
met_02,Copper,Cu,Metals and alloys,63.546,shomate,298.15,1357.77,24.44,J/(mol*K),NIST Chemistry WebBook / JANAF Tables,"High electrical/thermal conductivity FCC metal, Tm = 1357.77 K."
met_03,Iron (alpha),Fe,Metals and alloys,55.845,shomate,298.15,1042.0,25.1,J/(mol*K),NIST Chemistry WebBook / Desai (1986),BCC ferrite phase up to Curie point (1042 K).
met_04,Nickel,Ni,Metals and alloys,58.693,shomate,298.15,631.0,26.07,J/(mol*K),NIST Chemistry WebBook / JANAF Tables,Ferromagnetic FCC metal below Curie point (631 K).
met_05,Titanium (alpha),Ti,Metals and alloys,47.867,shomate,298.15,1155.0,25.06,J/(mol*K),NIST Chemistry WebBook / JANAF Tables,HCP alpha phase; transforms to BCC beta at 1155 K.
met_06,Tungsten,W,Metals and alloys,183.84,shomate,298.15,2500.0,24.27,J/(mol*K),NASA Glenn Database / Barin (1995),Highest melting point pure metal (Tm = 3695 K).
met_07,Gold,Au,Metals and alloys,196.966,shomate,298.15,1337.33,25.42,J/(mol*K),NIST Chemistry WebBook / JANAF Tables,Noble FCC metal; highly corrosion resistant; Tm = 1337.33 K.
met_08,Silver,Ag,Metals and alloys,107.868,shomate,298.15,1234.93,25.35,J/(mol*K),NIST Chemistry WebBook / JANAF Tables,Highest room-temperature thermal conductivity metal.
met_09,Platinum,Pt,Metals and alloys,195.084,shomate,298.15,2041.4,25.86,J/(mol*K),NIST Chemistry WebBook / JANAF Tables,Catalytic standard element; Tm = 2041.4 K.
met_10,Zinc,Zn,Metals and alloys,65.38,shomate,298.15,692.68,25.4,J/(mol*K),NIST Chemistry WebBook / JANAF Tables,HCP galvanizing and brass alloying element; Tm = 692.68 K.
met_11,Lead,Pb,Metals and alloys,207.2,shomate,298.15,600.61,26.65,J/(mol*K),NIST Chemistry WebBook / Barin Thermochemical Data,Heavy metal for radiation shielding; Tm = 600.61 K.
met_12,Magnesium,Mg,Metals and alloys,24.305,shomate,298.15,923.0,24.87,J/(mol*K),NIST Chemistry WebBook / JANAF Tables,Lightweight structural metal (density 1.74 g/cm3).
met_13,Tin (beta),Sn,Metals and alloys,118.71,shomate,298.15,505.08,27.11,J/(mol*K),NIST Chemistry WebBook / JANAF Tables,White tin metallic phase; Tm = 505.08 K.
met_14,Chromium,Cr,Metals and alloys,51.996,shomate,298.15,2000.0,23.35,J/(mol*K),NIST Chemistry WebBook / Barin (1995),BCC passivation alloy element; Tm = 2180 K.
met_15,Molybdenum,Mo,Metals and alloys,95.95,shomate,298.15,2500.0,24.06,J/(mol*K),NIST Chemistry WebBook / JANAF Tables,"Refractory BCC metal, high creep resistance; Tm = 2896 K."
met_16,Vanadium,V,Metals and alloys,50.942,shomate,298.15,2100.0,24.89,J/(mol*K),NIST Chemistry WebBook / Barin (1995),Microalloying element in HSLA steels; Tm = 2183 K.
met_17,Cobalt (alpha),Co,Metals and alloys,58.933,shomate,298.15,700.0,24.81,J/(mol*K),NIST Chemistry WebBook / JANAF Tables,HCP phase cobalt below allotropic transformation (700 K).
met_18,Tantalum,Ta,Metals and alloys,180.948,shomate,298.15,2500.0,25.36,J/(mol*K),NIST Chemistry WebBook / JANAF Tables,Corrosion-resistant capacitor and chemical metal; Tm = 3290 K.
met_19,Niobium,Nb,Metals and alloys,92.906,shomate,298.15,2500.0,24.6,J/(mol*K),NIST Chemistry WebBook / JANAF Tables,Superconducting element and superalloy additive; Tm = 2750 K.
met_20,Zirconium (alpha),Zr,Metals and alloys,91.224,shomate,298.15,1135.0,25.36,J/(mol*K),NIST Chemistry WebBook / JANAF Tables,Nuclear cladding metal with low neutron absorption.
met_21,Beryllium,Be,Metals and alloys,9.012,shomate,298.15,1500.0,16.44,J/(mol*K),NIST Chemistry WebBook / JANAF Tables,"Low density (1.85 g/cm3), high Debye temperature."
met_22,Palladium,Pd,Metals and alloys,106.42,shomate,298.15,1800.0,25.98,J/(mol*K),NIST Chemistry WebBook / JANAF Tables,Hydrogen storage and catalytic transition metal; Tm = 1828 K.
met_23,Rhodium,Rh,Metals and alloys,102.91,shomate,298.15,2200.0,24.98,J/(mol*K),NIST Chemistry WebBook / JANAF Tables,Platinum-group metal for catalytic converters; Tm = 2237 K.
met_24,Iridium,Ir,Metals and alloys,192.22,shomate,298.15,2500.0,25.1,J/(mol*K),NIST Chemistry WebBook / JANAF Tables,Most corrosion-resistant metal; high modulus; Tm = 2719 K.
met_25,Stainless Steel AISI 304,Fe-18Cr-8Ni,Metals and alloys,55.2,poly,273.15,1200.0,500.0,J/(kg*K),ASM Handbook Vol. 1 / Kim (1975),Standard 18/8 austenitic stainless steel.
met_26,Stainless Steel AISI 316L,Fe-17Cr-12Ni-2.5Mo,Metals and alloys,55.4,poly,273.15,1250.0,502.0,J/(kg*K),ASM Handbook Vol. 1 / MatWeb Database,Marine-grade molybdenum austenitic stainless steel.
met_27,Inconel 718,Ni-19Cr-18Fe-5Nb-3Mo,Metals and alloys,59.8,poly,298.15,1300.0,435.0,J/(kg*K),Special Metals Corp. / Pottlacher et al. (2002),Precipitation-hardened gas turbine disc superalloy.
met_28,Inconel 625,Ni-22Cr-9Mo-3.5Nb,Metals and alloys,61.2,poly,298.15,1350.0,410.0,J/(kg*K),Special Metals Corp. / NIST Materials Data,Solid-solution strengthened marine and aerospace alloy.
met_29,Titanium Ti-6Al-4V (Gr 5),Ti-6Al-4V,Metals and alloys,46.5,poly,298.15,1250.0,526.0,J/(kg*K),"Boivineau et al., Int. J. Thermophys. (2006)",Workhorse aerospace structural titanium alloy.
met_30,Brass Cartridge (70Cu-30Zn),Cu70Zn30,Metals and alloys,64.1,poly,298.15,1100.0,375.0,J/(kg*K),Copper Development Assoc. (CDA) / Touloukian TPRC,Alpha brass with superior cold-forming characteristics.
met_31,Phosphor Bronze (Cu-10Sn),Cu90Sn10,Metals and alloys,69.06,poly,298.15,1150.0,370.0,J/(kg*K),CDA / MatWeb Materials Database,High fatigue limit alloy for springs and electrical switchgear.
met_32,Aluminum Alloy 6061-T6,Al-1.0Mg-0.6Si,Metals and alloys,26.9,poly,273.15,800.0,896.0,J/(kg*K),Aluminum Association / MIL-HDBK-5J,Structural aircraft and bicycle architectural alloy.
met_33,Aluminum Alloy 7075-T6,Al-5.6Zn-2.5Mg-1.6Cu,Metals and alloys,27.4,poly,273.15,750.0,960.0,J/(kg*K),Alcoa Technical Data / Touloukian TPRC,Ultra-high strength zinc-hardened aircraft wing spar alloy.
met_34,Nichrome 80/20,Ni80Cr20,Metals and alloys,57.35,poly,298.15,1400.0,450.0,J/(kg*K),ASM Specialty Handbook: Nickel & Cobalt Alloys,Industrial heating element alloy with stable chromia scale.
met_35,Hastelloy C-276,Ni-16Mo-16Cr-4W-5Fe,Metals and alloys,62.5,poly,298.15,1300.0,427.0,J/(kg*K),Haynes International Technical Bulletin,Severe wet chlorine / sour gas resistant superalloy.
cer_01,Alumina (Corundum),Al2O3,Ceramics,101.96,shomate,298.15,2300.0,79.04,J/(mol*K),NIST Chemistry WebBook / JANAF Tables,Alpha-alumina corundum; hard dielectric substrate; Tm = 2345 K.
cer_02,Zirconia (monoclinic),ZrO2,Ceramics,123.22,shomate,298.15,1478.0,56.21,J/(mol*K),NIST Chemistry WebBook / Barin (1995),Baddeleyite monoclinic phase below martensitic transformation.
cer_03,Titania (Rutile),TiO2,Ceramics,79.866,shomate,298.15,1800.0,55.04,J/(mol*K),NIST Chemistry WebBook / JANAF Tables,High refractive index tetragonal optical ceramic; Tm = 2116 K.
cer_04,Silicon Dioxide (alpha-Quartz),SiO2,Ceramics,60.084,shomate,298.15,847.0,44.6,J/(mol*K),NIST Chemistry WebBook / JANAF Tables,Trigonal alpha-quartz below alpha-beta displacive transition (847 K).
cer_05,Silicon Carbide (alpha),SiC,Ceramics,40.1,shomate,298.15,2000.0,26.85,J/(mol*K),NIST Chemistry WebBook / JANAF Tables,Hexagonal 6H-SiC abrasive and high-power electronic ceramic.
cer_06,Silicon Nitride (beta),Si3N4,Ceramics,140.28,shomate,298.15,2000.0,99.1,J/(mol*K),NIST Chemistry WebBook / JANAF Tables,High fracture toughness engineering ceramic for turbine balls.
cer_07,Boron Nitride (hexagonal),h-BN,Ceramics,24.82,shomate,298.15,1800.0,19.8,J/(mol*K),NIST Chemistry WebBook / JANAF Tables,White graphite layered ceramic; high thermal conductivity dielectric.
cer_08,Aluminum Nitride,AlN,Ceramics,40.99,shomate,298.15,2000.0,30.12,J/(mol*K),NIST Chemistry WebBook / JANAF Tables,"Wurtzite lattice, high thermal conductivity (170-200 W/m-K)."
cer_09,Boron Carbide,B4C,Ceramics,55.25,shomate,298.15,2000.0,53.08,J/(mol*K),NIST Chemistry WebBook / JANAF Tables,Ultra-hard ceramic (30 GPa Vickers) for body armor tiles.
cer_10,Titanium Carbide,TiC,Ceramics,59.89,shomate,298.15,2200.0,33.81,J/(mol*K),NIST Chemistry WebBook / JANAF Tables,Rocksalt structured refractory carbide; Tm = 3430 K.
cer_11,Titanium Nitride,TiN,Ceramics,61.88,shomate,298.15,2200.0,37.11,J/(mol*K),NIST Chemistry WebBook / JANAF Tables,Golden hard coating ceramic for cutting tool wear protection.
cer_12,Tungsten Carbide,WC,Ceramics,195.85,shomate,298.15,2500.0,35.56,J/(mol*K),NIST Chemistry WebBook / JANAF Tables,Hexagonal cermet core ceramic for metal cutting inserts.
cer_13,Magnesium Oxide (Periclase),MgO,Ceramics,40.304,shomate,298.15,2200.0,37.15,J/(mol*K),NIST Chemistry WebBook / JANAF Tables,Basic refractory oxide with rocksalt lattice; Tm = 3125 K.
cer_14,Calcium Oxide,CaO,Ceramics,56.077,shomate,298.15,2200.0,42.05,J/(mol*K),NIST Chemistry WebBook / JANAF Tables,Quicklime ceramic; Tm = 2886 K.
cer_15,Beryllium Oxide (Bromellite),BeO,Ceramics,25.011,shomate,298.15,2200.0,25.56,J/(mol*K),NIST Chemistry WebBook / JANAF Tables,Ultra-high thermal conductivity electrical insulator; Tm = 2851 K.
cer_16,Zinc Oxide,ZnO,Ceramics,81.38,shomate,298.15,1800.0,40.25,J/(mol*K),NIST Chemistry WebBook / JANAF Tables,Wurtzite II-VI piezoceramic and varistor base.
cer_17,Yttrium Oxide (Yttria),Y2O3,Ceramics,225.81,shomate,298.15,2200.0,102.5,J/(mol*K),NIST Chemistry WebBook / JANAF Tables,Cubic bixbyite stabilizer for YSZ thermal barrier coatings.
cer_18,Hematite (Ferric Oxide),Fe2O3,Ceramics,159.69,shomate,298.15,950.0,103.85,J/(mol*K),NIST Chemistry WebBook / JANAF Tables,Alpha-Fe2O3 corundum lattice below Morin/Curie transitions.
cer_19,Magnetite,Fe3O4,Ceramics,231.53,shomate,298.15,850.0,150.8,J/(mol*K),NIST Chemistry WebBook / JANAF Tables,Inverse spinel ferrimagnetic oxide below Curie point (858 K).
cer_20,Chromium(III) Oxide,Cr2O3,Ceramics,151.99,shomate,298.15,1800.0,118.7,J/(mol*K),NIST Chemistry WebBook / JANAF Tables,Eskolaite corundum structure; green pigment and hard protective scale.
cer_21,Barium Titanate,BaTiO3,Ceramics,233.19,poly,298.15,1400.0,102.3,J/(mol*K),Perry's Chemical Engineers' Handbook / NIST,Classic ferroelectric perovskite for MLCC capacitors.
cer_22,Lead Zirconate Titanate (PZT 52/48),PbZr0.52Ti0.48O3,Ceramics,325.3,poly,298.15,800.0,355.0,J/(kg*K),Jaffe et al. Piezoelectric Ceramics / MatWeb,Morphotropic phase boundary piezoceramic for ultrasound transducers.
cer_23,Mullite,3Al2O3-2SiO2,Ceramics,426.05,poly,298.15,1700.0,335.0,J/(mol*K),"Robie & Hemingway, USGS Bulletin 2131",High-temperature aluminosilicate refractory with low thermal expansion.
cer_24,Cordierite,2MgO-2Al2O3-5SiO2,Ceramics,584.99,poly,298.15,1500.0,470.0,J/(mol*K),USGS Bulletin 2131 / MatWeb,Ultra-low thermal expansion ceramic for catalytic converter honeycombs.
cer_25,Magnesium Aluminate Spinel,MgAl2O4,Ceramics,142.27,shomate,298.15,2000.0,116.3,J/(mol*K),NIST Chemistry WebBook / JANAF Tables,Transparent armor and optical dome ceramic; Tm = 2408 K.
cer_26,Forsterite,Mg2SiO4,Ceramics,140.69,shomate,298.15,1800.0,118.0,J/(mol*K),NIST Chemistry WebBook / USGS Bulletin,Orthorhombic magnesium olivine ceramic for high-frequency insulation.
cer_27,Steatite,MgSiO3,Ceramics,100.39,poly,298.15,1400.0,82.5,J/(mol*K),Robie & Hemingway / MatWeb,Talc-derived electrical insulator ceramic for high-voltage standoffs.
cer_28,Zircon,ZrSiO4,Ceramics,183.31,shomate,298.15,1800.0,98.65,J/(mol*K),NIST Chemistry WebBook / JANAF Tables,Zirconium silicate ceramic with high chemical stability against glass melt.
cer_29,Lanthanum(III) Oxide,La2O3,Ceramics,325.81,shomate,298.15,2000.0,108.8,J/(mol*K),NIST Chemistry WebBook / JANAF Tables,High-k gate dielectric and optical glass component; Tm = 2588 K.
cer_30,Cerium(IV) Oxide (Ceria),CeO2,Ceramics,172.11,shomate,298.15,2000.0,61.63,J/(mol*K),NIST Chemistry WebBook / JANAF Tables,Fluorite lattice catalyst and SOFC solid oxide electrolyte.
cer_31,Strontium Titanate,SrTiO3,Ceramics,183.49,poly,298.15,1500.0,98.4,J/(mol*K),Barin Thermochemical Data / Materials Project,Cubic quantum paraelectric perovskite substrate for oxide epitaxy.
cer_32,Bismuth(III) Oxide,Bi2O3,Ceramics,465.96,shomate,298.15,1000.0,113.8,J/(mol*K),NIST Chemistry WebBook / JANAF Tables,High oxide-ion conducting solid electrolyte at elevated temperatures.
cer_33,Vanadium(V) Oxide,V2O5,Ceramics,181.88,shomate,298.15,950.0,130.3,J/(mol*K),NIST Chemistry WebBook / JANAF Tables,Layered catalyst and electrochromic insertion compound; Tm = 963 K.
cer_34,Tin(IV) Oxide (Cassiterite),SnO2,Ceramics,150.71,shomate,298.15,1800.0,52.6,J/(mol*K),NIST Chemistry WebBook / JANAF Tables,Tetragonal rutile n-type semiconductor for gas sensors and TCOs.
cer_35,Hafnium(IV) Oxide (Hafnia),HfO2,Ceramics,210.49,shomate,298.15,2200.0,60.25,J/(mol*K),NIST Chemistry WebBook / JANAF Tables,High-k gate oxide replacing SiO2 in sub-45nm CMOS logic nodes.
semi_01,Silicon (crystalline),Si,Semiconductors,28.085,shomate,298.15,1687.0,20.0,J/(mol*K),NIST Chemistry WebBook / JANAF Tables,Diamond cubic lattice; premier semiconductor for CMOS microelectronics; Tm = 1687 K.
semi_02,Germanium,Ge,Semiconductors,72.63,shomate,298.15,1211.4,23.22,J/(mol*K),NIST Chemistry WebBook / JANAF Tables,High hole mobility group IV semiconductor for IR optics and detectors.
semi_03,Gallium Arsenide,GaAs,Semiconductors,144.64,shomate,298.15,1511.0,46.2,J/(mol*K),NIST Chemistry WebBook / JANAF Tables,Direct bandgap (1.42 eV) zincblende compound for RF/optoelectronics.
semi_04,Gallium Nitride,GaN,Semiconductors,83.73,shomate,298.15,1700.0,35.8,J/(mol*K),NIST Chemistry WebBook / JANAF Tables,Wide bandgap (3.4 eV) wurtzite semiconductor for blue LEDs and power transistors.
semi_05,Indium Phosphide,InP,Semiconductors,145.79,shomate,298.15,1335.0,45.4,J/(mol*K),NIST Chemistry WebBook / JANAF Tables,High electron velocity substrate for fiber optic lasers and THz devices.
semi_06,Cadmium Telluride,CdTe,Semiconductors,240.01,shomate,298.15,1365.0,50.21,J/(mol*K),NIST Chemistry WebBook / JANAF Tables,Direct bandgap (1.5 eV) thin-film photovoltaic absorber material.
semi_07,Cadmium Sulfide,CdS,Semiconductors,144.48,shomate,298.15,1600.0,47.3,J/(mol*K),NIST Chemistry WebBook / JANAF Tables,II-VI buffer layer semiconductor for CIGS solar cells.
semi_08,Zinc Selenide,ZnSe,Semiconductors,144.35,shomate,298.15,1500.0,47.9,J/(mol*K),NIST Chemistry WebBook / JANAF Tables,Wide bandgap (2.7 eV) optical window for high-power CO2 lasers.
semi_09,Zinc Sulfide,ZnS,Semiconductors,97.47,shomate,298.15,1500.0,45.6,J/(mol*K),NIST Chemistry WebBook / JANAF Tables,Sphalerite/wurtzite phosphorescent phosphor and IR dome material.
semi_10,Indium Arsenide,InAs,Semiconductors,189.74,shomate,298.15,1215.0,47.8,J/(mol*K),NIST Chemistry WebBook / JANAF Tables,Narrow bandgap (0.35 eV) high mobility semiconductor for MWIR detectors.
semi_11,Indium Antimonide,InSb,Semiconductors,236.58,shomate,298.15,800.0,49.8,J/(mol*K),NIST Chemistry WebBook / JANAF Tables,"Highest room-temperature electron mobility (77,000 cm2/Vs) semiconductor."
semi_12,Gallium Antimonide,GaSb,Semiconductors,191.48,shomate,298.15,985.0,48.5,J/(mol*K),NIST Chemistry WebBook / JANAF Tables,Zincblende substrate for mid-IR thermophotovoltaic cells.
semi_13,Aluminum Arsenide,AlAs,Semiconductors,101.9,shomate,298.15,1600.0,44.3,J/(mol*K),NIST Chemistry WebBook / JANAF Tables,Lattice-matched barrier material for GaAs/AlGaAs quantum heterostructures.
semi_14,Aluminum Antimonide,AlSb,Semiconductors,148.74,shomate,298.15,1330.0,46.8,J/(mol*K),NIST Chemistry WebBook / JANAF Tables,Indirect bandgap (1.6 eV) compound for high-temperature radiation detectors.
semi_15,Lead Telluride,PbTe,Semiconductors,334.8,shomate,298.15,1197.0,50.8,J/(mol*K),NIST Chemistry WebBook / Barin (1995),Narrow gap IV-VI rocksalt semiconductor; benchmark thermoelectric material.
semi_16,Lead Sulfide (Galena),PbS,Semiconductors,239.3,shomate,298.15,1387.0,49.5,J/(mol*K),NIST Chemistry WebBook / JANAF Tables,Natural rocksalt semiconductor for uncooled SWIR photoconductive sensors.
semi_17,Lead Selenide,PbSe,Semiconductors,286.2,shomate,298.15,1350.0,50.1,J/(mol*K),NIST Chemistry WebBook / JANAF Tables,IV-VI semiconductor for MWIR focal plane arrays and lasers.
semi_18,Bismuth Telluride,Bi2Te3,Semiconductors,800.76,poly,298.15,858.0,125.5,J/(mol*K),"Goldsmid, Thermoelectric Refrigeration / CRC",Benchmark room-temperature Peltier thermoelectric cooling material.
semi_19,Antimony Telluride,Sb2Te3,Semiconductors,626.32,poly,298.15,890.0,124.0,J/(mol*K),CRC Handbook of Chemistry and Physics / MatWeb,Rhombohedral topological insulator and p-type thermoelectric alloy.
semi_20,Silicon Carbide (4H-SiC),SiC,Semiconductors,40.1,shomate,298.15,2000.0,26.9,J/(mol*K),NIST Chemistry WebBook / JANAF Tables,Wide bandgap (3.26 eV) hexagonal SiC for high-voltage power MOSFETs.
semi_21,beta-Gallium Oxide,Ga2O3,Semiconductors,187.44,shomate,298.15,1800.0,92.15,J/(mol*K),NIST Chemistry WebBook / JANAF Tables,Ultra-wide bandgap (4.8 eV) monoclinic oxide for next-gen power converters.
semi_22,Diamond (Carbon),C,Semiconductors,12.011,shomate,298.15,1500.0,6.115,J/(mol*K),NIST Chemistry WebBook / JANAF Tables,"Extreme Debye temperature (2220 K), highest room-T thermal conductivity (2200 W/m-K)."
semi_23,Copper Indium Diselenide,CuInSe2,Semiconductors,336.28,poly,298.15,900.0,101.5,J/(mol*K),"Rincon et al., Phys. Status Solidi / MatWeb",Chalcopyrite high-efficiency thin-film solar cell absorber.
semi_24,Molybdenum Disulfide,MoS2,Semiconductors,160.07,shomate,298.15,1200.0,63.5,J/(mol*K),NIST Chemistry WebBook / JANAF Tables,2D transition metal dichalcogenide semiconductor and solid lubricant.
semi_25,Tungsten Disulfide,WS2,Semiconductors,247.97,shomate,298.15,1200.0,65.8,J/(mol*K),NIST Chemistry WebBook / JANAF Tables,Layered 2D semiconducting material with high photoluminescence yield.
poly_01,High Density Polyethylene (HDPE),-(C2H4)n-,Polymers,28.05,poly,200.0,390.0,1850.0,J/(kg*K),PoLyInfo (NIMS) / Wunderlich ATHAS Database,"Semi-crystalline linear polyolefin; Tg ~ 150 K, Tm ~ 405 K."
poly_02,Low Density Polyethylene (LDPE),-(C2H4)n-,Polymers,28.05,poly,200.0,375.0,2100.0,J/(kg*K),PoLyInfo (NIMS) / ATHAS Polymer Database,Branched polyolefin with higher chain flexibility and lower crystallinity.
poly_03,Polypropylene (Isotactic PP),-(C3H6)n-,Polymers,42.08,poly,220.0,420.0,1920.0,J/(kg*K),PoLyInfo (NIMS) / Wunderlich ATHAS,Semi-crystalline commodity thermoplastic; Tm ~ 438 K.
poly_04,Polystyrene (Atactic PS),-(C8H8)n-,Polymers,104.15,poly,200.0,365.0,1220.0,J/(kg*K),PoLyInfo (NIMS) / Brandrup Polymer Handbook,Amorphous glass-clear polymer; glass transition Tg ~ 373 K (100 C).
poly_05,Poly(vinyl chloride) (PVC),-(C2H3Cl)n-,Polymers,62.5,poly,200.0,350.0,1150.0,J/(kg*K),PoLyInfo (NIMS) / Polymer Handbook,Rigid halogenated polymer for piping; Tg ~ 355 K (82 C).
poly_06,Poly(tetrafluoroethylene) (PTFE),-(C2F4)n-,Polymers,100.02,poly,200.0,550.0,1050.0,J/(kg*K),PoLyInfo / DuPont Teflon Technical Data,Fluoropolymer with exceptional chemical inertness and low friction; Tm ~ 600 K.
poly_07,Poly(methyl methacrylate) (PMMA),-(C5H8O2)n-,Polymers,100.12,poly,200.0,370.0,1420.0,J/(kg*K),PoLyInfo (NIMS) / ATHAS Database,Transparent acrylic glass (Plexiglas); Tg ~ 378 K (105 C).
poly_08,Polycarbonate (Bisphenol A PC),-(C16H14O3)n-,Polymers,254.28,poly,200.0,410.0,1200.0,J/(kg*K),PoLyInfo (NIMS) / Lexan Technical Manual,High impact resistance amorphous engineering polymer; Tg ~ 420 K (147 C).
poly_09,Poly(ethylene terephthalate) (PET),-(C10H8O4)n-,Polymers,192.17,poly,200.0,500.0,1300.0,J/(kg*K),PoLyInfo (NIMS) / Polymer Handbook,Semi-crystalline polyester for beverage containers and synthetic fibers.
poly_10,Polyether ether ketone (PEEK),-(C19H12O3)n-,Polymers,288.3,poly,200.0,580.0,1340.0,J/(kg*K),Victrex PEEK Materials Data / PoLyInfo,High-performance semicrystalline polymer; continuous service up to 520 K.
poly_11,Polyimide (Kapton),-(C22H10N2O5)n-,Polymers,382.33,poly,200.0,650.0,1090.0,J/(kg*K),DuPont Kapton Summary / PoLyInfo,Aromatic polyimide film for aerospace thermal insulation blankets.
poly_12,Polyamide 6 (Nylon 6),-(C6H11NO)n-,Polymers,113.16,poly,200.0,470.0,1600.0,J/(kg*K),PoLyInfo (NIMS) / BASF Ultramid Data,Semi-crystalline polyamide with strong hydrogen bonding; Tm ~ 495 K.
poly_13,"Polyamide 6,6 (Nylon 66)",-(C12H22N2O2)n-,Polymers,226.32,poly,200.0,500.0,1670.0,J/(kg*K),PoLyInfo (NIMS) / DuPont Zytel Data,Higher melting nylon engineered for automotive under-the-hood parts; Tm ~ 533 K.
poly_14,Polyoxymethylene (POM Acetal),-(CH2O)n-,Polymers,30.03,poly,200.0,430.0,1470.0,J/(kg*K),PoLyInfo (NIMS) / Celanese Hostaform,High-stiffness low-friction engineering polyacetal for precision gears.
poly_15,Thermoplastic Polyurethane (TPU),-(C25H32N2O6)n-,Polymers,456.53,poly,200.0,400.0,1800.0,J/(kg*K),PoLyInfo (NIMS) / Bayer Desmopan Manual,Segmented block copolymer elastomer with excellent abrasion resistance.
poly_16,Epoxy Resin (Bisphenol A/Amine),C21H24O4 crosslinked,Polymers,340.41,poly,200.0,420.0,1250.0,J/(kg*K),ATHAS Database / Hexcel Composites Manual,Thermosetting resin matrix for high-performance CFRP aerospace composites.
poly_17,Phenolic Resin (Bakelite),C7H6O crosslinked,Polymers,106.12,poly,200.0,450.0,1180.0,J/(kg*K),PoLyInfo (NIMS) / Mark's Standard Handbook,First synthetic thermoset plastic; outstanding flame and heat resistance.
poly_18,Polydimethylsiloxane (PDMS),-(Si(CH3)2O)n-,Polymers,74.15,poly,180.0,450.0,1460.0,J/(kg*K),Dow Corning Silicone Handbook / PoLyInfo,Silicone rubber elastomer with flexible siloxane backbone; Tg ~ 150 K.
poly_19,Natural Rubber (cis-Polyisoprene),-(C5H8)n-,Polymers,68.12,poly,200.0,350.0,1880.0,J/(kg*K),PoLyInfo / Rubber Division ACS Data,High-elasticity natural elastomer; strain-induced crystallization.
poly_20,Polychloroprene (Neoprene),-(C4H5Cl)n-,Polymers,88.54,poly,200.0,360.0,1720.0,J/(kg*K),DuPont Elastomers / PoLyInfo,"Synthetic rubber resistant to oil, weather, and ozone degradation."
poly_21,Poly(vinylidene fluoride) (PVDF),-(C2H2F2)n-,Polymers,64.03,poly,200.0,430.0,1300.0,J/(kg*K),Arkema Kynar Data / PoLyInfo,Piezoelectric and ferroelectric semi-crystalline fluoropolymer.
poly_22,Acrylonitrile Butadiene Styrene (ABS),Terpolymer,Polymers,100.0,poly,200.0,370.0,1400.0,J/(kg*K),PoLyInfo (NIMS) / Sabic Cycolac Data,Tough engineering terpolymer widely used in 3D printing filaments and enclosures.
poly_23,Polyacrylonitrile (PAN),-(C3H3N)n-,Polymers,53.06,poly,200.0,420.0,1320.0,J/(kg*K),PoLyInfo (NIMS) / Polymer Handbook,Precursor polymer for carbon fiber manufacturing.
poly_24,Polycaprolactone (PCL),-(C6H10O2)n-,Polymers,114.14,poly,200.0,330.0,1680.0,J/(kg*K),PoLyInfo (NIMS) / ATHAS Database,Biodegradable polyester with low melting point (Tm ~ 333 K / 60 C).
poly_25,Poly(lactic acid) (PLA),-(C3H4O2)n-,Polymers,72.06,poly,200.0,380.0,1500.0,J/(kg*K),NatureWorks Ingeo / PoLyInfo,Bio-derived renewable thermoplastic for packaging and FDM 3D printing.
poly_26,Poly(ether sulfone) (PES),-(C12H8O3S)n-,Polymers,232.26,poly,200.0,480.0,1150.0,J/(kg*K),Solvay Radel Data / PoLyInfo,High-temperature amorphous sulfone polymer; Tg ~ 498 K (225 C).
poly_27,Poly(phenylene sulfide) (PPS),-(C6H4S)n-,Polymers,108.16,poly,200.0,520.0,1100.0,J/(kg*K),Chevron Phillips Ryton / PoLyInfo,Semi-crystalline polymer with exceptional chemical resistance; Tm ~ 558 K.
poly_28,Poly(vinyl alcohol) (PVA),-(C2H4O)n-,Polymers,44.05,poly,200.0,380.0,1650.0,J/(kg*K),Kuraray Poval Data / PoLyInfo,Water-soluble synthetic polymer for packaging films and adhesive paper.
poly_29,Cellulose Acetate,Polymer derivative,Polymers,250.0,poly,200.0,400.0,1450.0,J/(kg*K),Eastman Chemical / Polymer Handbook,Cellulose ester used in spectacle frames and photographic film bases.
poly_30,Fluorinated Ethylene Propylene (FEP),-(C2F4)m-(C3F6)n-,Polymers,100.0,poly,200.0,520.0,1120.0,J/(kg*K),DuPont FEP Technical Bulletin / PoLyInfo,Melt-processable fluoropolymer with dielectric properties matching PTFE.
gla_01,Fused Silica Glass,SiO2 (amorphous),Glasses,60.084,poly,200.0,1400.0,740.0,J/(kg*K),Corning Glass Data / Touloukian TPRC Series Vol. 5,Pure vitreous silica with near-zero CTE (0.5e-6 /K) and high UV transmission.
gla_02,Borosilicate Glass (Pyrex 7740),81SiO2-13B2O3-4Na2O-2Al2O3,Glasses,63.5,poly,200.0,800.0,750.0,J/(kg*K),Corning 7740 Data Sheet / MatWeb,Thermal-shock resistant laboratory glassware; Tg ~ 833 K (560 C).
gla_03,Soda-Lime-Silica Float Glass,72SiO2-14Na2O-10CaO-4MgO,Glasses,65.8,poly,200.0,850.0,840.0,J/(kg*K),Pilkington Glass Technical Manual / SciGlass,Standard architectural window and container glass; Tg ~ 840 K.
gla_04,Aluminosilicate Glass,62SiO2-18Al2O3-10CaO-10MgO,Glasses,68.2,poly,200.0,950.0,810.0,J/(kg*K),Corning Technical Materials / SciGlass,High-temperature resistant glass for halogen lamp envelopes.
gla_05,Lead Crystal Glass (Heavy Flint),45SiO2-45PbO-10K2O,Glasses,125.0,poly,200.0,750.0,480.0,J/(kg*K),Schott Optical Glass Catalog (SF6),High refractive index (nd = 1.805) dense flint glass for radiation shielding.
gla_06,BK7 Optical Crown Glass,Borosilicate Optical,Glasses,64.2,poly,200.0,800.0,820.0,J/(kg*K),Schott N-BK7 Optical Glass Data Sheet,Standard precision optical crown glass for lenses and prisms; nd = 1.5168.
gla_07,Phosphate Laser Glass (LHG-8),Phosphate Matrix,Glasses,95.0,poly,200.0,700.0,720.0,J/(kg*K),Hoya Laser Glass Technical Guide,Nd-doped laser host glass for high-energy fusion laser amplifiers.
gla_08,Chalcogenide Glass (Ge33As12Se55),Ge33As12Se55,Glasses,102.5,poly,200.0,550.0,360.0,J/(kg*K),Amorphous Materials Inc. (AMTIR-1) / SciGlass,Far-infrared transmitting glass (2 - 14 um) for thermal imaging optics.
gla_09,Vycor 96% Silica Glass (Corning 7913),96SiO2-4B2O3,Glasses,60.5,poly,200.0,1200.0,745.0,J/(kg*K),Corning Code 7913 Data Sheet,Leached phase-separated borosilicate reconstituted to pure silica properties.
gla_10,Fluorozirconate Glass (ZBLAN),53ZrF4-20BaF2-4LaF3-3AlF3-20NaF,Glasses,145.0,poly,200.0,580.0,560.0,J/(kg*K),"Lucas et al., Fluoride Glasses / MatWeb",Mid-IR transmitting heavy metal fluoride glass for optical fiber lasers.
gla_11,Bioactive Glass 45S5 (Bioglass),45SiO2-24.5CaO-24.5Na2O-6P2O5,Glasses,68.0,poly,200.0,750.0,830.0,J/(kg*K),"Hench, Bioceramics / J. Biomed. Mater. Res.",Osteoconductive glass forming hydroxycarbonate apatite bond to living bone.
gla_12,Gorilla Glass (Alkali-Aluminosilicate),Na2O-Al2O3-SiO2,Glasses,67.5,poly,200.0,850.0,815.0,J/(kg*K),Corning Gorilla Glass Technical Specification,Ion-exchange strengthened chemically tempered glass for smartphones.
gla_13,E-Glass (Fiber Precursor),54SiO2-14Al2O3-22CaO-8B2O3,Glasses,67.0,poly,200.0,900.0,810.0,J/(kg*K),Owens Corning Fiberglas Data / MatWeb,Low alkali electrical grade continuous glass fibers for polymer reinforcement.
gla_14,S-Glass (High Strength),65SiO2-25Al2O3-10MgO,Glasses,66.5,poly,200.0,1000.0,790.0,J/(kg*K),AGY High Performance Materials / SciGlass,Magnesium aluminosilicate fiber glass with high tensile strength.
gla_15,Obsidian (Natural Volcanic Glass),73SiO2-13Al2O3-4Na2O-4K2O-3FeOx,Glasses,66.8,poly,200.0,900.0,800.0,J/(kg*K),USGS Mineral Data / Carmichael (1979),Naturally occurring felsic igneous extrusive silicate glass.
gla_16,Schott Zerodur Glass-Ceramic,Lithium Aluminosilicate,Glasses,68.0,poly,200.0,850.0,800.0,J/(kg*K),Schott Zerodur Precision Catalog,Zero thermal expansion glass-ceramic for astronomical telescope mirrors.
gla_17,Macor Machinable Glass-Ceramic,Fluorophlogopite-Borosilicate,Glasses,72.0,poly,200.0,1000.0,790.0,J/(kg*K),Corning Macor Machinable Ceramic Data,Mica-containing glass-ceramic machinable with standard metalworking tools.
gla_18,Fused Quartz (GE 124),SiO2,Glasses,60.084,poly,200.0,1400.0,742.0,J/(kg*K),Momentive Quartz Technologies Handbook,High-purity quartz tubing for semiconductor wafer processing furnaces.
gla_19,C-Glass (Chemical Resistant Glass),65SiO2-14CaO-8Na2O-6B2O3,Glasses,66.0,poly,200.0,850.0,830.0,J/(kg*K),Saint-Gobain Vetrotex Technical Bulletin,Borosilicate fiber glass tailored for acidic corrosion barrier surfacing veils.
gla_20,Lead Glass X-Ray Shielding (RD 50),65PbO-25SiO2-10K2O,Glasses,155.0,poly,200.0,700.0,410.0,J/(kg*K),Schott RD 50 Radiation Shielding Glass,Heavy lead glass with lead equivalent > 2 mm for medical radiology viewing.
gla_21,Tellurite Glass (75TeO2-20ZnO-5Na2O),Tellurite Matrix,Glasses,148.0,poly,200.0,600.0,460.0,J/(kg*K),"El-Mallawany, Tellurite Glasses Handbook",High non-linear optical refractive index glass for supercontinuum lasers.
gla_22,Germanate Optical Glass (GeO2-PbO),Germanate Matrix,Glasses,112.0,poly,200.0,750.0,530.0,J/(kg*K),SciGlass Database / J. Non-Cryst. Solids,IR transmitting window glass extending beyond silicate transparency edge.
gla_23,Barium Crown Glass (Schott BaK4),Barium Borosilicate,Glasses,75.0,poly,200.0,800.0,730.0,J/(kg*K),Schott Optical Glass Catalog (BaK4),High refractive index optical prism glass delivering circular exit pupils.
gla_24,Dense Flint Glass (Schott SF11),Lead Silicate Optical,Glasses,135.0,poly,200.0,750.0,450.0,J/(kg*K),Schott SF11 Technical Data Sheet,High chromatic dispersion (Abbe number Vd = 25.76) glass for achromatic doublets.
gla_25,Vitreous Carbon / Glassy Carbon,C (amorphous),Glasses,12.011,poly,200.0,1500.0,760.0,J/(kg*K),Alfa Aesar Glassy Carbon Technical Data,Fullerenic non-graphitizing carbon with extreme thermal and chemical inertness.
ref_01,Magnesite Refractory (95% MgO),MgO Refractory,Refractories,40.3,poly,273.15,2000.0,940.0,J/(kg*K),Harbison-Walker Refractory Handbook / ASTM C455,Basic refractory brick lining for basic oxygen steelmaking furnaces.
ref_02,Dolomite Refractory Brick,CaO-MgO,Refractories,48.2,poly,273.15,1900.0,910.0,J/(kg*K),RHI Magnesita Technical Data,Co-calcined dolomite basic refractory for secondary refining ladles.
ref_03,Fireclay Refractory (Super-Duty),Al2O3-2SiO2 (calcined),Refractories,62.0,poly,273.15,1750.0,880.0,J/(kg*K),ASTM C27 Fireclay Classification / MatWeb,Aluminosilicate general purpose kiln lining brick (35-45% Al2O3).
ref_04,High-Alumina Refractory (70% Al2O3),70Al2O3-30SiO2,Refractories,85.0,poly,273.15,1900.0,920.0,J/(kg*K),Plibrico Refractory Engineering Guide,High hot-strength refractory for blast furnace stoves and cement rotary kilns.
ref_05,Silicon Carbide Refractory (Nitride Bonded),SiC-Si3N4,Refractories,45.0,poly,273.15,1800.0,840.0,J/(kg*K),Saint-Gobain NorPro Cryston Technical Data,High thermal conductivity and abrasion-resistant kiln furniture and cyclones.
ref_06,Chromite Refractory Brick,FeCr2O4-MgAl2O4,Refractories,175.0,poly,273.15,1850.0,730.0,J/(kg*K),Norton Refractory Systems Manual,Neutral refractory with high slag resistance for non-ferrous smelting furnaces.
ref_07,Zirconia-Alumina-Silica (AZS Fused Cast),41ZrO2-46Al2O3-13SiO2,Refractories,115.0,poly,273.15,1950.0,780.0,J/(kg*K),SEPR Refractories / Saint-Gobain (ER-1681),Fused cast monolithic block lining for glass melting furnace sidewalls.
ref_08,Carbon Refractory Block,C (baked anthracite),Refractories,12.011,poly,273.15,2000.0,850.0,J/(kg*K),SGL Carbon Refractory Data,Submerged arc furnace and blast furnace hearth hearth lining block.
ref_09,Nuclear Grade Synthetic Graphite,C (graphitic),Refractories,12.011,poly,273.15,2500.0,715.0,J/(kg*K),Touloukian TPRC Vol. 5 / IAEA Nuclear Graphite Data,Neutron moderator and high-temperature structural material for HTGR reactors.
ref_10,Hafnium Carbide (UHTC),HfC,Refractories,190.5,shomate,298.15,2800.0,37.4,J/(mol*K),NIST Chemistry WebBook / Barin (1995),Ultra-High Temperature Ceramic (UHTC) with extreme melting point (Tm = 4173 K).
ref_11,Tantalum Carbide (UHTC),TaC,Refractories,192.96,shomate,298.15,2800.0,36.8,J/(mol*K),NIST Chemistry WebBook / JANAF Tables,Ultra-refractory interstitial carbide (Tm = 4153 K) for hypersonic nose cones.
ref_12,Zirconium Diboride (ZrB2 UHTC),ZrB2,Refractories,112.84,shomate,298.15,2500.0,48.2,J/(mol*K),NIST Chemistry WebBook / JANAF Tables,High thermal conductivity UHTC ceramic for sharp hypersonic leading edges.
ref_13,Hafnium Diboride (HfB2 UHTC),HfB2,Refractories,200.11,shomate,298.15,2500.0,49.5,J/(mol*K),NIST Chemistry WebBook / JANAF Tables,Extreme ablation resistance boride UHTC; Tm = 3523 K.
ref_14,Titanium Diboride (TiB2),TiB2,Refractories,69.49,shomate,298.15,2300.0,44.3,J/(mol*K),NIST Chemistry WebBook / JANAF Tables,Electrically conductive refractory ceramic for aluminum Hall-Heroult cathodes.
ref_15,Tantalum Hafnium Carbide (Ta4HfC5),Ta4HfC5,Refractories,962.33,poly,298.15,3000.0,192.0,J/(mol*K),"Lavrentyev et al., Phys. Rev. B / UHTC Data",Highest known melting point compound material system (Tm ~ 4263 K).
ref_16,Magnesia-Carbon Brick (MgO-C),85MgO-15C,Refractories,36.0,poly,273.15,1900.0,940.0,J/(kg*K),Vesuvius Refractory Technology Bulletin,Graphite-bonded magnesite for steel slagline and electric arc furnaces.
ref_17,Zirconia Refractory (YSZ Dense),ZrO2-8Y2O3,Refractories,128.0,poly,273.15,2200.0,520.0,J/(kg*K),Zircoa Technical Ceramics Data,Fully stabilized cubic zirconia for induction skull melting crucibles.
ref_18,Fused Silica Refractory (Isostatic),SiO2,Refractories,60.084,poly,273.15,1400.0,810.0,J/(kg*K),Vesuvius Technical Data Sheet,Submerged entry nozzles (SEN) for continuous casting steel tundishes.
ref_19,Silicon Nitride Refractory (RBSN),Si3N4 (porous),Refractories,140.28,poly,273.15,1650.0,760.0,J/(kg*K),Ceradyne 3M Advanced Ceramics,Reaction-bonded silicon nitride riser tubes for non-ferrous aluminum die casting.
ref_20,Beryllia Refractory (Dense BeO),BeO,Refractories,25.011,poly,273.15,2200.0,1080.0,J/(kg*K),Materion Brush Beryllium Ceramic Manual,Refractory microwave power windows and laser tube bores.
ref_21,Alumina-Graphite Shroud,50Al2O3-30C-20SiO2,Refractories,45.0,poly,273.15,1800.0,900.0,J/(kg*K),Krosaki Harima Refractories Data,Thermal shock resistant pouring shrouds between steel ladle and tundish.
ref_22,Spinel Refractory Brick (MgO-MgAl2O4),Spinel Brick,Refractories,65.0,poly,273.15,1900.0,915.0,J/(kg*K),Refratechnik Cement Kiln Engineering,Chrome-free lining brick for the burning zone of cement rotary kilns.
ref_23,Cordierite-Mullite Kiln Shelf,Al2O3-SiO2-MgO,Refractories,80.0,poly,273.15,1550.0,880.0,J/(kg*K),Saint-Gobain Refractory Ceramics,Low thermal expansion sagging-resistant firing batts for porcelain production.
ref_24,Boron Nitride Hot-Pressed (HBN),BN solid,Refractories,24.82,poly,273.15,2000.0,900.0,J/(kg*K),Saint-Gobain Combat BN Data,Non-wetting crucible for molten metal evaporation and horizontal casting break rings.
ref_25,Sillimanite Refractory Brick,Al2SiO5,Refractories,162.05,poly,273.15,1750.0,870.0,J/(kg*K),Morgan Advanced Materials Refractories,Natural aluminosilicate refractory for glass feeder expendables and forehearths.
comp_01,Carbon Fiber/Epoxy Composite (CFRP UD 60% vf),C-Fiber/Epoxy (60% vf),Composite materials,35.0,poly,200.0,450.0,1100.0,J/(kg*K),Hexcel HexPly M21/T800S Data / MIL-HDBK-17,High-strength unidirectional carbon composite for aircraft fuselage skins.
comp_02,Glass Fiber/Epoxy Composite (GFRP 55% vf),E-Glass/Epoxy (55% vf),Composite materials,52.0,poly,200.0,420.0,1120.0,J/(kg*K),Owens Corning WindStrand Data / MIL-HDBK-17,High fatigue resistance composite for wind turbine rotor blades.
comp_03,Aramid/Kevlar Epoxy Composite (AFRP 50% vf),Kevlar-49/Epoxy (50% vf),Composite materials,42.0,poly,200.0,420.0,1300.0,J/(kg*K),DuPont Kevlar Composites Guide,High impact absorption composite for ballistic spall liners and radomes.
comp_04,Aluminum-Silicon Carbide MMC (Al-20% SiC),Al-20% SiCp,Composite materials,28.5,poly,250.0,750.0,860.0,J/(kg*K),Materion Supaform MMC / ASM Handbook Vol. 21,Particle-reinforced metal matrix composite for lightweight automotive brake rotors.
comp_05,Copper-Tungsten Contact MMC (Cu-70% W),W70Cu30,Composite materials,147.7,poly,250.0,1100.0,245.0,J/(kg*K),Plansee Tungsten-Copper Composites Manual,Arc-erosion resistant heavy MMC for high-voltage SF6 circuit breaker arcing tips.
comp_06,Carbon-Carbon Composite (C/C 2D Fabric),C-Fiber/C-Matrix,Composite materials,12.011,poly,200.0,2200.0,820.0,J/(kg*K),Safran Landing Systems / Touloukian TPRC Vol. 5,Non-melting frictional material for commercial jet transport brake discs.
comp_07,SiC-SiC Ceramic Matrix Composite (CMC),SiC-Fiber/SiC-Matrix,Composite materials,40.1,poly,250.0,1600.0,720.0,J/(kg*K),GE Aviation CFM LEAP CMC Shroud Data / NASA TM,High-temperature continuous fiber ceramic composite for jet engine hot-stage shrouds.
comp_08,Tungsten Carbide-Cobalt Cermet (WC-10Co),WC-10wt%Co,Composite materials,182.1,poly,250.0,1200.0,230.0,J/(kg*K),Sandvik Coromant Hard Materials Catalog,Sintered cemented carbide for CNC indexable metal cutting inserts.
comp_09,Titanium Carbide-Nickel Cermet (TiC-Ni),TiC-15wt%Ni,Composite materials,59.7,poly,250.0,1200.0,505.0,J/(kg*K),Kennametal High-Speed Finishing Cermet Data,High-speed steel finishing cermet providing mirror surface finish.
comp_10,Portland Cement Concrete (Standard Mix),Silicate Hydrate / Aggregate,Composite materials,75.0,poly,250.0,800.0,880.0,J/(kg*K),NIST Building Materials Database / Mindess Concrete,Civil infrastructure structural mass composite.
comp_11,Structural Wood (Douglas Fir 12% MC),Cellulose-Lignin Matrix,Composite materials,50.0,poly,220.0,380.0,1700.0,J/(kg*K),USDA Forest Products Laboratory Wood Handbook,Natural cellular polymer-matrix fiber composite.
comp_12,Dental Hybrid Composite Resin,75% Bis-GMA / 25% Ba-Glass,Composite materials,85.0,poly,250.0,360.0,1100.0,J/(kg*K),3M ESPE Filtek Technical Product Profile,Photocurable microhybrid aesthetic dental tooth filling material.
comp_13,FR-4 Glass-Epoxy Circuit Board Laminate,E-Glass/FR-4 Epoxy,Composite materials,58.0,poly,200.0,420.0,1100.0,J/(kg*K),Isola Group FR406 Data Sheet / IPC-4101,Flame-retardant printed circuit board dielectric core laminate.
comp_14,Basalt Fiber Reinforced Polymer (BFRP),Basalt-Fiber/Vinyl Ester,Composite materials,54.0,poly,200.0,420.0,1130.0,J/(kg*K),Kamenny Vek Basalt Fibers / MatWeb,Corrosion-proof composite rebar for marine concrete infrastructure.
comp_15,Graphene-Epoxy Nanocomposite (1 wt%),Epoxy + 1% Graphene,Composite materials,120.0,poly,200.0,420.0,1260.0,J/(kg*K),"Rafiee et al., Small / Nanotechnology Data",Polymer nanocomposite with enhanced interlaminar shear toughness.
comp_16,Alumina-Zirconia Nanocomposite (ATZ 80/20),80Al2O3-20ZrO2,Composite materials,106.0,poly,250.0,1600.0,750.0,J/(kg*K),CeramTec BIOLOX delta Data / Biomaterials,Transformation-toughened ceramic composite for ceramic femoral heads.
comp_17,Zirconia-Toughened Alumina (ZTA 85/15),85Al2O3-15ZrO2,Composite materials,105.0,poly,250.0,1600.0,760.0,J/(kg*K),Dynamic-Ceramic ZTA Handbook,Wear-resistant ceramic composite for mining slurry pump valve seals.
comp_18,B4C-Al Cermet (Boral 40% B4C),B4C-Al Matrix,Composite materials,38.0,poly,250.0,750.0,920.0,J/(kg*K),Ceradyne Boral Plate Manual,Neutron poison absorption cermet for spent nuclear fuel dry storage casks.
comp_19,Carbon Fiber/PEEK Composite (CF/PEEK 60% vf),AS4/PEEK APC-2,Composite materials,45.0,poly,200.0,550.0,1250.0,J/(kg*K),Solvay APC-2 Data / SAMPE Technical Papers,Thermoplastic matrix aerospace composite with unlimited shelf life and recyclability.
comp_19b,Carbon Fiber/BMI Composite (CF/Bismaleimide),C-Fiber/BMI Matrix,Composite materials,38.0,poly,200.0,520.0,1150.0,J/(kg*K),Cytec 5250-4 BMI Manual / MIL-HDBK-17,High-temperature composite for supersonic fighter leading edges (service > 200 C).
comp_20,Syntactic Foam Composite (Glass Microspheres/Epoxy),Hollow Glass/Epoxy,Composite materials,42.0,poly,200.0,380.0,1420.0,J/(kg*K),Trelleborg Offshore Syntactic Foam Guide,Deep-sea buoyant lightweight composite for subsea ROVs and submarines.
comp_21,SiC Whisker Reinforced Alumina (Al2O3-SiCw),Al2O3-25wt%SiCw,Composite materials,86.5,poly,250.0,1600.0,780.0,J/(kg*K),Greenleaf WG-300 Whisker Ceramic Data,Extreme shock resistant cutting tool ceramic for nickel-base superalloy milling.
comp_22,Metal-Diamond Thermal Substrate (Cu-50% Diamond),Cu-Diamond MMC,Composite materials,37.8,poly,200.0,800.0,480.0,J/(kg*K),Plansee Cu-Diamond Heat Sink Data,High thermal conductivity (600 W/m-K) heat sink composite for GaN power RF chips.
comp_23,Al-Diamond Composite (Al-50% Diamond),Al-Diamond MMC,Composite materials,19.5,poly,200.0,750.0,790.0,J/(kg*K),Denka Thermal Solution Plate Manual,Ultra-lightweight high thermal conductivity baseplate for aerospace power modules.
comp_24,"Glass-Filled Nylon 6,6 (PA66-GF30)",PA66-30% Glass,Composite materials,175.0,poly,200.0,480.0,1380.0,J/(kg*K),BASF Ultramid A3EG6 Data Sheet,Dimensionally stable injection moldable automotive intake manifold compound.
adv_01,YBCO High-Tc Superconductor,YBa2Cu3O7,Other technologically relevant materials,666.19,poly,50.0,600.0,275.0,J/(mol*K),"Junod et al., Physica C / Materials Project",First high-Tc superconductor operating above liquid nitrogen (Tc = 93 K).
adv_02,BSCCO High-Tc Superconductor,Bi2Sr2Ca2Cu3O10,Other technologically relevant materials,1023.9,poly,50.0,600.0,410.0,J/(mol*K),Physica C / Superconductor Science Data,First-generation high-temperature superconducting wire compound (Tc = 110 K).
adv_03,Magnesium Diboride Superconductor,MgB2,Other technologically relevant materials,45.93,shomate,50.0,800.0,42.1,J/(mol*K),"Nagamatsu et al., Nature / NIST",Conventional phonon-mediated superconductor with record Tc = 39 K.
adv_04,Niobium-Titanium Superconductor (Nb-47Ti),Nb53Ti47,Other technologically relevant materials,71.72,poly,10.0,500.0,385.0,J/(kg*K),"Wilson, Superconducting Magnets / CERN Data",Ductile type-II superconductor wire for all medical MRI magnets and LHC.
adv_05,Niobium-Tin Superconductor (Nb3Sn),Nb3Sn,Other technologically relevant materials,397.43,poly,20.0,600.0,95.0,J/(mol*K),ITER Superconducting Magnet Specs / IEEE Trans. Appl. Supercond.,A15 intermetallic compound superconductor for high-field ITER fusion magnets (Tc = 18 K).
adv_06,Lithium Cobalt Oxide (LCO Battery Cathode),LiCoO2,Other technologically relevant materials,97.87,shomate,200.0,750.0,75.2,J/(mol*K),"NIST Chemistry WebBook / Takahashi et al., J. Chem. Thermodyn.",Layered rocksalt cathode in high-energy smartphone lithium-ion batteries.
adv_07,Lithium Iron Phosphate (LFP Battery Cathode),LiFePO4,Other technologically relevant materials,157.76,shomate,200.0,700.0,118.5,J/(mol*K),"J. Chem. Thermodyn. / Wang et al., Solid State Ionics",Olivine cathode renowned for extreme thermal stability and long cycle life.
adv_08,Lithium Nickel Manganese Cobalt Oxide (NMC-811),LiNi0.8Mn0.1Co0.1O2,Other technologically relevant materials,97.28,poly,200.0,600.0,980.0,J/(kg*K),"Dahn et al., J. Electrochem. Soc. / Argonne Lab Data",State-of-the-art EV battery cathode for high energy density (250 Wh/kg pack).
adv_09,Lithium Titanate (LTO Battery Anode),Li4Ti5O12,Other technologically relevant materials,459.08,poly,200.0,800.0,385.0,J/(mol*K),"Tarascon et al., Solid State Ionics / MatWeb",Zero-strain insertion anode enabling 10-minute ultra-fast EV charging.
adv_10,Lithium Manganese Oxide Spinel (LMO),LiMn2O4,Other technologically relevant materials,180.81,shomate,200.0,750.0,134.0,J/(mol*K),NIST Chemistry WebBook / JANAF Tables,3D framework spinel cathode for power tool battery packs.
adv_11,Cobalt Skutterudite Thermoelectric,CoSb3,Other technologically relevant materials,424.19,poly,200.0,850.0,99.0,J/(mol*K),"Caillat et al., J. Appl. Phys. / NASA JPL Data",Cage-structured skutterudite for automotive exhaust heat energy harvesting.
adv_12,Germanium Telluride (p-Type Thermoelectric),GeTe,Other technologically relevant materials,200.22,shomate,250.0,950.0,50.4,J/(mol*K),NIST Chemistry WebBook / Barin (1995),High-performance mid-temperature thermoelectric (ZT > 2.0 upon alloying).
adv_13,Tin Selenide (Single Crystal),SnSe,Other technologically relevant materials,197.66,poly,250.0,900.0,50.1,J/(mol*K),"Zhao et al., Nature / Science Thermoelectrics Data",Record high ZT = 2.6 thermoelectric compound with ultra-low lattice thermal conductivity.
adv_14,Half-Heusler Thermoelectric (TiNiSn),TiNiSn,Other technologically relevant materials,225.28,poly,250.0,1000.0,73.5,J/(mol*K),"Tritt, Recent Trends in Thermoelectric Materials Research",Thermally robust and mechanically strong half-Heusler alloy for industrial waste heat.
adv_15,Uranium Dioxide (Nuclear Fuel),UO2,Other technologically relevant materials,270.03,shomate,298.15,3000.0,63.6,J/(mol*K),"Fink (2000), J. Nucl. Mater. / IAEA Thermophysical Database",Fluorite ceramic nuclear fuel for all pressurized light water reactors (PWR/BWR).
adv_16,Thorium Dioxide (Nuclear Breeding Fuel),ThO2,Other technologically relevant materials,264.04,shomate,298.15,3000.0,61.8,J/(mol*K),IAEA Nuclear Database / JANAF Tables,High thermal conductivity breeding fuel with highest oxide melting point (Tm = 3663 K).
adv_17,Plutonium Dioxide,PuO2,Other technologically relevant materials,276.06,shomate,298.15,2800.0,66.2,J/(mol*K),IAEA Thermophysical Properties / NIST,Ceramic component in mixed-oxide (MOX) nuclear reactor fuels.
adv_18,Zircaloy-4 (Nuclear Cladding Alloy),Zr-1.5Sn-0.2Fe-0.1Cr,Other technologically relevant materials,91.0,poly,298.15,1200.0,305.0,J/(kg*K),MATPRO Nuclear Materials Handbook / IAEA-TECDOC,Corrosion resistant zirconium alloy for fuel rod cladding tubes.
adv_19,Liquid Sodium (Fast Reactor Coolant),Na (liquid),Other technologically relevant materials,22.99,poly,371.0,1150.0,1280.0,J/(kg*K),"Foust, Sodium-NaK Engineering Handbook / IAEA",Liquid metal coolant with superior heat transfer for sodium fast nuclear reactors.
adv_20,Liquid Lead-Bismuth Eutectic (LBE),Pb44.5Bi55.5,Other technologically relevant materials,208.2,poly,398.0,1100.0,149.0,J/(kg*K),OECD-NEA Lead-Bismuth Eutectic Handbook,Heavy liquid metal spallation target and Gen-IV nuclear coolant.
adv_21,Hydroxyapatite (Bone Mineral Biomaterial),Ca10(PO4)6(OH)2,Other technologically relevant materials,1004.6,poly,200.0,1400.0,830.0,J/(mol*K),"Robie & Hemingway, USGS Bulletin / Biomaterials Data",Synthetic bone substitute bioceramic for plasma-sprayed orthopedic implants.
adv_22,beta-Tricalcium Phosphate (Bioactive),Ca3(PO4)2,Other technologically relevant materials,310.18,poly,200.0,1400.0,235.0,J/(mol*K),USGS Bulletin 2131 / Biomaterials Manual,Resorbable osteoconductive bone graft bioceramic.
adv_23,Titanium Grade 2 (Pure Medical Implant),Ti (unalloyed),Other technologically relevant materials,47.867,poly,250.0,1150.0,523.0,J/(kg*K),ASTM F67 / ASM Handbook Vol. 2,Biocompatible dental implant and bone fixation screw titanium.
adv_24,Co-Cr-Mo Alloy (ASTM F75 Cast Implant),Co-28Cr-6Mo,Other technologically relevant materials,60.5,poly,250.0,1300.0,450.0,J/(kg*K),ASTM F75 / ASM Handbook: Medical Devices,High wear and corrosion resistant alloy for artificial hip and knee joints.
adv_25,Cu-Al-Ni High-Temp Shape Memory Alloy,Cu-14Al-4Ni,Other technologically relevant materials,62.1,poly,250.0,800.0,445.0,J/(kg*K),"Otsuka & Wayman, Shape Memory Materials",High-temperature shape memory alloy operating up to 200 C.
adv_26,Solid State Electrolyte LLZO,Li7La3Zr2O12,Other technologically relevant materials,839.8,poly,200.0,900.0,620.0,J/(mol*K),Garnet Solid State Electrolyte Data / J. Power Sources,Fast garnet-structured lithium ion conductor for non-flammable solid batteries.
adv_27,Sodium Vanadium Phosphate (NVP Na-Ion Cathode),Na3V2(PO4)3,Other technologically relevant materials,451.76,poly,200.0,700.0,385.0,J/(mol*K),"Goodenough et al., NASICON Battery Research",NASICON-structured cathode material for low-cost grid sodium-ion batteries.
adv_28,Graphene (Single Layer Monolayer),C (2D lattice),Other technologically relevant materials,12.011,poly,100.0,1500.0,710.0,J/(kg*K),"Pop et al., Nano Research / Balandin (2011)",2D carbon crystal with ballistic thermal transport and extreme in-plane stiffness.
adv_29,Multi-Walled Carbon Nanotubes (MWCNT),C (tubular),Other technologically relevant materials,12.011,poly,100.0,1500.0,680.0,J/(kg*K),"Hone et al., Phys. Rev. B / Touloukian TPRC",High-aspect ratio cylindrical carbon allotrope for conductive composites.
adv_30,"Poly(3,4-ethylenedioxythiophene) (PEDOT:PSS)",Conducting Polymer,Other technologically relevant materials,150.0,poly,200.0,420.0,1520.0,J/(kg*K),"Groenendaal et al., Adv. Mater. / PoLyInfo",Inherently conductive conjugated polymer for organic flexible electronics and OLEDs.
